temperature,tpq,accuracy,f1_macro
1.0,5,0.208,0.16815933464540275
1.0,10,0.244,0.20837364974207076
1.0,20,0.316,0.2845992145109792
1.0,30,0.328,0.285273497744086
