temperature,tpq,accuracy,f1_macro
0.6,5,0.24,0.20540481740481742
0.6,10,0.348,0.3066338302220656
0.6,20,0.392,0.3463008804061436
0.6,30,0.412,0.36002694364459065
