temperature,tpq,accuracy,f1_macro
0.3,5,0.82,0.8128538128538129
0.3,10,0.82,0.8046897546897547
0.3,15,0.82,0.8046897546897547
