temperature,tpq,accuracy,f1_macro
0.8,5,0.216,0.18414449585502218
0.8,10,0.284,0.2316083361083361
0.8,20,0.308,0.2602766775707952
0.8,30,0.304,0.26045670995671
