temperature,tpq,accuracy,f1_macro
0.3,5,0.42,0.3954687534687535
0.3,10,0.492,0.45672021769080595
0.3,20,0.596,0.5642125097125097
0.3,30,0.64,0.6106695526695527
